Contrada Bugiafro,38.9696388,17.1121660
Contrada Cannella,38.9451876,17.1329629
Contrada Forgiano,38.9945070,17.1409798
Contrada Frasso Saletta,38.9784588,17.1302236
Contrada Mendolicchia,38.9320132,17.1075695
Contrada Mortilla,38.9601027,17.0732432
Contrada Vermica,38.9866104,17.1176761
corso V. Emanuele,38.9603497,17.0985103
Corso V. Emanuele,38.9605734,17.0972730
Largo Biricchini,38.9604461,17.0993056
Largo San Marco,38.9589927,17.0969566
Largo Traiano,38.9595841,17.0977685
Località Cardinale,38.9524968,17.1219123
Località Marina,38.9621199,17.1549194
Nuovo Bivio per Isola Capo Rizzuto,38.9507979,17.0837250
Piazza 1° Maggio,38.9611329,17.0897294
Piazza Aldo Moro,38.9588237,17.0945599
Piazza Bari,38.9623291,17.0991290
Piazza Carmine,38.9606785,17.0989141
Piazza del Popolo,38.9596033,17.0967665
Piazza del POPOLO,38.9598270,17.0966508
Piazza Duomo,38.9586364,17.0987189
Piazza E. Berlinguer,38.9581842,17.0907673
Piazza Falcone Borsellino,38.9590151,17.0960707
Piazza Roma,38.9598120,17.0956366
Piazza San Giuseppe e Sant'Antonio,38.9081878,17.0240328
Piazza Santa Caterina,38.9607115,17.0979841
Piazza Trieste,38.9610836,17.0936492
Piazza Uccialì,38.9077629,17.0227661
Prima Traversa A.M. Rigon,38.9088590,17.0227551
Ruderi Discoteca anni 70,38.8929890,17.0940550
Ruga Longa,38.9604359,17.0950262
Seconda Traversa A.M. Rigon,38.9080275,17.0231585
Strada Comunale Annunziata,38.9144092,17.0190860
Strada Poeta,38.9605214,17.0945290
Strada provinciale per Le Cannella,38.9562044,17.1105268
Strada Statale 106 Jonica,38.9391654,16.9867750
Terza Traversa A.M. Rigon,38.9081125,17.0236787
Traversa Foggia,38.9629787,17.0986383
Traversa G. Rossini,38.9619393,17.0951316
Traversa Vallescura,38.9619446,17.0917487
Trav. San Rocco,38.9618392,17.0996563
Via 1° Maggio,38.9616551,17.0888806
Via Alessandro Manzoni,38.9599144,17.0872884
Via Allori,38.9600978,17.0945292
Via Amedeo,38.9616230,17.0960844
Via Annibale Barca,38.9090238,17.0251479
Via Antonio Mammone,38.9615550,17.0978386
Via Aosta,38.9623987,17.1000514
Via Apollo,38.9893099,17.1577925
Via Arturo Toscanini,38.9623766,17.0929607
Via Ascoli Piceno,38.9631236,17.0999592
Via Asia,38.9577597,17.0912718
Via Asti,38.9628202,17.0959913
Via Atene,38.9572484,17.0953474
Via Australia,38.9582188,17.0916037
Via Avellino,38.9631319,17.0978902
Via A. Vivaldi,38.9623442,17.0920106
Via Béla Bartok,38.9616028,17.0931423
Via Bari,38.9630303,17.0988039
Via Belgrado,38.9576080,17.0943008
Via Benevento,38.9631569,17.0981435
Via Berlino,38.9570770,17.0932929
Via Berna,38.9568946,17.0940176
Via Bertola,38.9606484,17.0955505
Via Biricchini,38.9601133,17.0992151
Via Bologna,38.9665055,17.1003637
Via Bonn,38.9572936,17.0945276
Via Brindisi,38.9629449,17.0991475
Via Bruxelles,38.9563990,17.0947366
Via B. Telesio,38.9593675,17.0935689
Via Budapest,38.9562375,17.0940352
Via Bugiafro,38.9640795,17.0999581
Via Cacchiale,38.9616369,17.0949156
Via Cafaldo,38.9592462,17.0937286
Via Cagliari,38.9640525,17.0987281
Via Calvario,38.9614198,17.0965675
Via Capo delle Colonne,38.9661616,17.0958176
Via Capo Rizzuto,38.9527801,17.0939980
Via Carbonara,38.9615342,17.0946817
Via Carmine,38.9606421,17.0983753
Via Caserta,38.9629016,17.0976526
Via Catania,38.9657828,17.0984726
Via Catanzaro,38.9600846,17.0939101
Via Cavallaccio,38.9591182,17.1020089
Via Cecco Angiolieri,38.9592738,17.0921956
Via Chianche,38.9596351,17.0992693
Via Ciro Menotti,38.9586461,17.0869357
Via Colosimo,38.9623400,17.0974943
Via Cosenza,38.9627739,17.0965665
Via Costa Azzurra,38.9007823,17.0943708
Via Cristoforo Colombo,38.9607599,17.0870133
Via Crotone,38.9653039,17.0858748
Via Dante Alighieri,38.9595375,17.0884594
Via degli Apostoli,38.9582646,17.0964242
Via dei Romani,38.9079603,17.0243454
Via dei Saraceni,38.9100770,17.0239848
Via della Libertà,38.9567493,17.0888534
Via delle Palme,38.9457015,17.1501489
Via delle Province,38.9629814,17.0973640
Via del Porto,38.9077626,17.0248477
Via Diaz,38.9603367,17.0935234
Via Dioniso,38.9851879,17.1557124
Via Duomo,38.9588489,17.0990571
Via Edmondo De Amicis,38.9637950,17.0950545
Via Eduardo De Filippo,38.9577479,17.0889425
Via Efesto,38.9886671,17.1602440
Via Emanuela Loi,38.9588599,17.0955442
Via Emilia Romagna,38.9649397,17.0978889
Via Enna,38.9651908,17.1007559
Via Faro,38.9024561,17.0971817
Via F. Chopin,38.9622930,17.0927204
Via Ferrara,38.9652777,17.0982014
Via Firenze,38.9660027,17.0980516
Via Foggia,38.9631919,17.0984149
Via Fondo Chiusa,38.9546775,17.0972252
Via Fontanella,38.9584361,17.0981120
Via F. Petrarca,38.9594095,17.0923985
Via Franz Liszt,38.9626669,17.0939262
Via Frosinone,38.9630078,17.0993985
Via F. Schubert,38.9636069,17.0945467
Via Gaetano Donizzetti,38.9637545,17.0948084
Via Galeazzo,38.9602988,17.0933228
Via Galileo Galilei,38.9613413,17.0915384
Via Galliano,38.9600565,17.0966777
Via Giacomo Puccini,38.9630731,17.0938495
Via Ginevra,38.9586022,17.0936773
Via Gioacchino Rossini,38.9618206,17.0928457
Via Giordano Bruno,38.9606252,17.0907787
Via Giosuè Carducci,38.9612049,17.0905005
Via Giovanni Boccaccio,38.9592421,17.0919833
Via Giuseppe Garibaldi,38.9599547,17.0982159
Via Golfo degli Aranci,38.9014569,17.0934027
Via Gorizia,38.9605807,17.0926942
Via G. Verdi,38.9624658,17.0921290
Via G. Verga,38.9607571,17.0902884
Via Ilici,38.9546948,17.0906792
Via India,38.9580578,17.0911953
Via Isernia,38.9630701,17.0996786
Via J. F. Kennedy,38.9596358,17.0892859
Via Johann Sebastian Bach,38.9632630,17.0939585
Via Jonio,38.9079403,17.0245916
Via Karl Marx,38.9540672,17.0871538
Via La Croce,38.9602329,17.0972851
Via lago Ampollino,38.9621112,17.0983863
Via lago Arvo,38.9619788,17.0983237
Via lago Cecita,38.9617568,17.0984304
Via lago di Bolsena,38.9611951,17.0975420
Via lago di Bracciano,38.9613708,17.0973850
Via Lago di Garda,38.9607161,17.0975962
Via Lago di Varano,38.9610188,17.0976129
Via lago Maggiore,38.9619063,17.0974211
Via lago Trasimeno,38.9615375,17.0974424
Via Lampo,38.9602907,17.0979292
Via L. Beethoven,38.9625901,17.0936705
Viale Antonio Gramsci,38.9582435,17.0897633
Viale Cartesio,38.9596348,17.0930360
Via Le Castella,38.9560427,17.0900960
Viale della Repubblica,38.9616220,17.0858674
Viale Europa,38.9581453,17.0945975
Viale Madonna degli Angeli,38.9583377,17.0934014
Viale Rosito,39.0013021,17.0391243
Via Lisbona,38.9583363,17.0938434
Via Londra,38.9566006,17.0936887
Via L. Pirandello,38.9605827,17.0904355
Via Madonna degli Angeli,38.9564000,17.0934933
Via Madrid,38.9569418,17.0942894
Via Marsala,38.9649026,17.0984517
Via Massa,38.9656513,17.0981241
Via Matera,38.9628467,17.0971074
Via Mediterraneo,38.9085431,17.0218808
Via Minosse,38.9858787,17.1571194
Via Modena,38.9661959,17.1004226
Via Mons. Giacinto Scalzi,38.9591827,17.0984663
Via Mons. P. Bagarotti,38.9057133,17.0994613
Via Monte Olimpo,38.9878914,17.1549595
Via Mosca,38.9559396,17.0926319
Via Napoli,38.9631265,17.0973149
Via Nazario Sauro,38.9598074,17.0941722
Via N. Copernico,38.9612205,17.0914208
Via N. Paganini,38.9615847,17.0934025
Via Omero,38.9615993,17.0885789
Via Oslo,38.9564454,17.0931935
Via Palermo,38.9605444,17.0984085
Via Parigi,38.9565331,17.0952087
Via Parma,38.9659061,17.1009169
Via Perseo,38.9836972,17.1584825
Via Pescara,38.9627691,17.0962886
Via Pietro Mascagni,38.9615247,17.0927233
Via Pitagora,38.9585992,17.0928977
Via Plebiscito,38.9615959,17.0967599
Via Potenza,38.9630465,17.0967879
Via Praga,38.9589495,17.0940606
Via Reggio,38.9596293,17.0906825
Via Regina Elena,38.9607367,17.0957518
Via Rimini,38.9649366,17.1014267
Via Risorgimento,38.9602639,17.0962588
Via R. Strauss,38.9624489,17.0932017
Via R. Wagner,38.9635364,17.0944382
Via San Luca,38.9581413,17.0969526
Via San Marco,38.9581740,17.0974232
Via San Matteo,38.9582135,17.0972062
Via San Nicola,38.9642437,17.0953271
Via San Paolo,38.9577890,17.0970673
Via San Pietro,38.9587069,17.0968697
Via San Rocco,38.9614287,17.0990055
Via Santa Domenica,38.9607053,17.0962801
Via Sant'Anna,39.0051364,17.0733692
Via Santissima Annunziata,38.9592970,17.0952830
Via Sicilia,38.9605725,17.0946388
Via Siracusa,38.9645535,17.0985228
Via Socrate,38.9595740,17.0928856
Via Taranto,38.9626114,17.0987725
Via Tarsia,38.9599149,17.0944140
Via Terni,38.9642436,17.0988386
Via Tesoro,38.9595831,17.0947043
Via Tintori,38.9605765,17.0953863
Via Tiziano Terzani,38.9544501,17.0884388
Via Tommaso Campanella,38.9613905,17.0902139
Via Torquato Tasso,38.9593210,17.0913297
Via Toselli,38.9611491,17.0950894
Via Traiano,38.9594712,17.0981007
Via Trento,38.9601230,17.0935077
Via Trieste,38.9605099,17.0933510
Via Ucci-Ali,38.9081859,17.0229753
Via Ugo Foscolo,38.9603969,17.0910316
Via Vallescuro,38.9621798,17.0915987
Via Varsavia,38.9570609,17.0945932
Via Venezia,38.9605192,17.0952464
Via Verne,38.9608929,17.0904568
Via Vicenza,38.9655653,17.1010097
Via Vienna,38.9573056,17.0950812
Via Vil San Francisco,38.9112255,17.0216997
Via Virgilio,38.9615374,17.0883020
Via Vittoria,38.9093222,17.0220329
Via Vittorio Alfieri,38.9601576,17.0910891
Via W. A. Mozart,38.9625216,17.0934422
Via Zeus,38.9941053,17.1577161
Vico Annunziata,38.9594268,17.0945540
Vico Biricchini,38.9598796,17.0991672
Vico Galliano,38.9604306,17.0972827
Vico I° Chianche,38.9598067,17.0983690
Vico I° La Croce,38.9599255,17.0973696
Vico I° Milano,38.9597151,17.0962269
Vico II° Biricchini,38.9600016,17.0995529
Vico II° Chianche,38.9597955,17.0985035
Vico II° La Croce,38.9599757,17.0974711
Vico III° Chianche,38.9598692,17.0989573
Vico III° La Croce,38.9600263,17.0975468
Vico III Santa Domenica,38.9609756,17.0958227
Vico II San Marco,38.9587429,17.0974467
Vico II Santa Domenica,38.9610517,17.0960549
Vico I San Marco,38.9586886,17.0972147
Vico I Santa Domenica,38.9611255,17.0962849
Vico Milano,38.9598163,17.0961621
Vico Musa,38.9599930,17.0950872
Vico Traiano,38.9597014,17.0981571
Località Papaniciaro,39.0428876,16.9793399
Piazza degli Scacchi,39.0331019,16.9809111
Piazza Municipio,38.9530513,16.9831892
Strada Statale 106 Jonica,38.9452902,16.9310852
Via Federico Fellini,39.0427400,17.0819298
Via Isola Capo Rizzuto,39.0580456,17.0446834
Viale Calabria,39.0655323,17.0158696
Viale delle Rose,38.9530901,16.9847978
Viale Rosito,39.0013021,17.0391243
Via Messina,38.9532017,16.9824939
Via Nazionale,39.0355840,16.9943800
Via Nazioni Unite,39.0326265,16.9883522
SS 109,39.0922176,16.8026025
Via Luigi Giordano,39.0975328,16.8089534
Via Tommaso Campanella,39.0961269,16.8177146
1a Traversa Achille Grandi,39.0867909,17.1134829
1a Traversa Antonio Meucci,39.0742803,17.1014983
1a Traversa Bruno Buozzi,39.0848939,17.1142834
1a Traversa Libertà,39.0768616,17.1232047
1a Traversa Molo Sanità,39.0808404,17.1356482
1a Traversa Sibaris,39.0553817,17.1364137
1a Traversa Via Francesco Nigro,39.0786308,17.1074721
1a Traversa Via Reggio,39.0793185,17.1287587
1a Trav. Via Olimpia,39.0249804,17.1672711
1a Trav. Via Spiaggia delle Forche,39.0828561,17.1230171
1^ Traversa Via Biella,39.0673805,17.0240785
1^ Traversa Via Calabria,39.0681878,17.0222786
1^ Traversa Via delle Ginestre,39.0692409,17.0246874
1^ Traversa Via Piave,39.0731237,17.0244756
1^ Traversa Via Pironte,39.0714639,17.0267616
1^ Traversa Via Ruffo,39.0817002,17.1246012
1^ Trav. Via Bellavista,39.0732134,17.0314764
1^ Trav. Via Crisone,39.0254105,17.1589811
1^ Trav. Via Eratostene,39.0261235,17.1498596
2a Traversa Achille Grandi,39.0859559,17.1134444
2a Traversa Antonio Meucci,39.0748361,17.1014531
2a Traversa Libertà,39.0767209,17.1233406
2a Traversa Molo Sanità,39.0812257,17.1356472
2a Traversa Pastificio,39.0836610,17.1223595
2a Traversa Sibaris,39.0542772,17.1343519
2a Traversa Via Reggio,39.0791068,17.1291788
2^ Traversa Via Calabria,39.0676908,17.0227083
2^ Traversa Via delle Ginestre,39.0689985,17.0253558
2^ Trav. Via Bellavista,39.0738347,17.0326260
2^ Trav. Via I. Nievo,39.0729019,17.0320903
2^ Trav. Via Olimpia,39.0209274,17.1128359
2^ Trav. Via Spiaggia delle Forche,39.0834906,17.1223446
3a Traversa Achille Grandi,39.0862296,17.1139984
3a Traversa Antonio Meucci,39.0754257,17.1018704
3a Traversa Bruno Buozzi,39.0851284,17.1136641
3a Traversa Libertà,39.0766623,17.1234271
3a Traversa Via Reggio,39.0787754,17.1295673
3^ Traversa Via Calabria,39.0674111,17.0220581
3^ Trav. Via Bellavista,39.0738902,17.0327652
3^ Trav. Via I. Nievo,39.0730155,17.0324537
4a Traversa Achille Grandi,39.0858351,17.1144138
4a Traversa Antonio Meucci,39.0759159,17.1015636
4a Traversa Bruno Buozzi,39.0851710,17.1133951
4a Traversa Libertà,39.0766541,17.1239748
4a Traversa Reggio,39.0783655,17.1299962
4^ Trav. Via Bellavista,39.0739169,17.0330375
5a Traversa Antonio Meucci,39.0764700,17.1014531
5a Traversa Bruno Buozzi,39.0851119,17.1131063
5a Traversa Libertà,39.0765064,17.1241171
5a Traversa Reggio,39.0781253,17.1304002
5^ Trav. Via Bellavista,39.0739317,17.0331721
6a Traversa Bruno Buozzi,39.0852931,17.1128956
6a Traversa Libertà,39.0763670,17.1242499
6a Traversa Verdogne,39.0822417,17.1332654
6^ Trav. Via Bellavista,39.0738970,17.0334047
7a Traversa Libertà,39.0764869,17.1238951
7^ Trav. Via Bellavista,39.0738890,17.0335909
Ampliamento Strada del Parco,39.0640637,17.1176310
Arco Micelotta,39.0824519,17.1282375
Contrada Cantorato,39.1719025,17.0713290
Contrada Gabella Grande,39.1423933,17.0960536
Contrada Margherita,39.1338530,17.0950505
Contrada Passovecchio,39.1217997,17.0937000
Corso G. Mameli,39.0726637,17.0304246
Corso Mazzini,39.0796779,17.1231660
Corso Messina,39.0776335,17.1307321
Corso Vittorio Emanuele,39.0804189,17.1289959
Discesa Castello,39.0806204,17.1347648
Discesa Conigliera,39.0806633,17.1313029
Discesa Fosso,39.0827828,17.1301538
Discesa Marina,39.0782745,17.1318495
Discesa San Leonardo,39.0790534,17.1313392
Discesa Soda,39.0803532,17.1307841
Discesa Via Roma,39.0752688,17.1287522
Discesa Zeus,39.0814111,17.1301754
Galleria Nettuno,39.0833114,17.1254091
I Portici,39.0805730,17.1277002
La Passerella,39.0764178,17.1329081
Largo Conigliera,39.0810361,17.1318256
Largo G. Covelli,39.0830690,17.1270751
Largo Lavatoio,39.0817642,17.1313439
Largo Sant'Antonio,39.0824101,17.1211633
Largo Umberto I°,39.0823764,17.1276686
"""Lo Scivolo""",39.0781791,17.1351907
"Mercato dei Portici ""La Piazzetta""",39.0802294,17.1281306
Molo Giunti,39.0844394,17.1295982
"Molo Sanità ""La Lega""",39.0788484,17.1350579
Nìva Vecchia,39.0824878,17.1294374
Park & Ride,39.0835350,17.1306261
Percorso ciclo-pedonale urbano,39.0775182,17.1249770
Piazza Albani,39.0814488,17.1296154
Piazza Alcide de Gasperi,39.0783830,17.1199596
Piazza Antonio Caputi,39.0803088,17.1139332
Piazza Armando Lucifero,39.0779629,17.1311124
Piazza Beata Vergine Maria,39.0735033,17.1293827
Piazza Beato Gerardo Sasso,39.0736579,17.1126244
Piazza Bersaglieri d'Italia,39.0820435,17.1257885
Piazza Carlo Turano,39.0835506,17.1265142
Piazza degli Artisti,39.0876870,17.1146837
Piazza dei Volontari,39.0721620,17.1038637
Piazza della Pace,39.0868219,17.1184400
Piazza della Resistenza,39.0798023,17.1252244
Piazza del Legionario,39.0805045,17.1224125
Piazza delle Palme,39.0744972,17.1296039
Piazza dell'Immacolata,39.0803981,17.1285897
Piazza Delphi,39.0786739,17.1239276
Piazza Enrico Berlinguer,39.0764071,17.1308108
Piazza Europa,39.0720167,17.0292678
Piazza Francesco Bellusci,39.0813984,17.1270580
Piazza Francesco Corrado,39.0803889,17.1191284
Piazza Ghandi,39.0648192,17.1130397
Piazza Lea Garofalo,39.0797089,17.1285575
Piazzale Casillo,39.1172832,17.0913113
Piazzale Cimitero,39.0657936,17.1312427
Piazzale Stadio,39.0795429,17.1155905
Piazza Ludwig van Beethoven,39.0609530,17.1104665
Piazza Madonna della Strada,39.1131769,17.0929215
Piazza Maestri del Lavoro,39.0743768,17.1278824
Piazza Maria Anania,39.0804688,17.1345387
Piazza Maria Castellani,39.0512061,17.1169807
Piazza Maria Montessori,39.0627798,17.1148428
Piazza Marinai d'Italia,39.0800047,17.1347071
Piazza Mario Ciliberto,39.0714100,17.1268246
Piazza Martiri delle Foibe,39.0837123,17.1226295
Piazza Miscello,39.0805298,17.1304601
Piazza Padri della Patria,39.0633303,17.1121597
Piazza Paul P. Harris,39.0807935,17.1345515
Piazza Pescheria,39.0830159,17.1279307
Piazza Pitagora,39.0807371,17.1270915
Piazza Sant'Angelo,39.0832037,17.1285711
Piazza Timeo,39.0830307,17.1285938
Piazza Villaroja,39.0805691,17.1292718
Piazzetta degli Artisti,39.0780573,17.1251048
Piazzetta Rino Gaetano,39.0794314,17.1341929
Piazzetta Suriano,39.0829269,17.1288455
Ponte Papaniciaro,39.0841966,17.1104993
Ponte Stazione,39.0836052,17.1121255
Porto Nuovo,39.0894000,17.1315782
Porto Turistico,39.0797472,17.1377482
Porto Vecchio,39.0802798,17.1376711
Sez. Media Pescheria I,39.0823312,17.1288055
Sez. Media Pescheria II,39.0825932,17.1284080
Silana Crotonese,39.1245678,17.0828990
Strada del Mare,39.0406387,17.1282168
Strada Provinciale 52,39.0749329,17.0490588
Strada Statale 106 bis,39.0876159,17.1111198
Strada Statale 106 Jonica,39.1979685,17.1089783
Tav. II San Leonardo,39.0800890,17.1325803
Traversa 5 Corso Messina,39.0793930,17.1336459
Traversa Antonio Daniele,39.0787972,17.1282845
Traversa Antonio Panella,39.0788577,17.1192623
Traversa Arnaldo Mori,39.0726605,17.1292506
Traversa Corradino Armatruda I,39.0679413,17.1300977
Traversa Costituzione,39.0698065,17.1301198
Traversa Don Minzoni,39.0683276,17.1291420
Traversa Emanuele di Bartolo,39.0731217,17.1284560
Traversa Firenze,39.0785148,17.1256067
Traversa Interna Firenze,39.0782905,17.1251300
Traversa interna Marinella,39.0832439,17.1239559
Traversa I Via Leonardo Gallucci,39.0737565,17.1274444
Traversa Metapontum,39.0620755,17.1320387
Traversa Partenope,39.0578718,17.1318064
Traversa Pastificio,39.0840273,17.1219111
Traversa Poseidonia I,39.0563991,17.1331792
Traversa Poseidonia II,39.0553964,17.1327384
Traversa Regina Margherita,39.0824430,17.1263887
Traversa San Leonardo,39.0790642,17.1310523
Traversa Sant'Antonio,39.0831443,17.1214822
Traversa Seconda Via Antonio Gramsci,39.0741050,17.1290845
Traversa Taras I,39.0605429,17.1314033
Traversa Taras II,39.0596134,17.1312040
Traversa Venezia,39.0766904,17.1300993
Traversa Via delle Orchidee,39.1434924,17.1001773
Traversa Via Giuseppe di Vittorio,39.0870415,17.1142359
Traversa Via G. Marconi,39.0734410,17.0329035
Traversa Via Marinella,39.0824787,17.1241659
Traversa Via Montale,39.0736848,17.0322798
Traversa Via Pietà,39.0702439,17.0246369
Traversa Via Ruffo,39.0816072,17.1252774
Traversa Via San Rocco,39.0712581,17.0291764
Trav. I Corso Messina,39.0787775,17.1322555
Trav. II Corso Messina,39.0788916,17.1325720
Trav. III Corso Messina,39.0795446,17.1323575
Trav. III San Leonardo,39.0807600,17.1329359
Trav. I San Leonardo,39.0809090,17.1324581
Trav. IV Corso Messina,39.0794801,17.1328060
Trav. IX Corso Messina,39.0804293,17.1336770
Trav. V Corso Messina,39.0796332,17.1333807
Trav. VI Corso Messina,39.0795257,17.1324410
Trav. VIII Corso Messina,39.0801815,17.1333741
Trav. XI Corso Messina,39.0808672,17.1338594
Variante SS106 Crotone,39.0845016,17.0859242
Via 1a Acquabona,39.0824902,17.1198612
Via 2a Acquabona,39.0826461,17.1199084
Via 3a Acquabona,39.0829137,17.1200874
Via 5a Acquabona,39.0831930,17.1178621
Via A. Anile,39.0693653,17.0253952
Via A. Brasilli,39.0760711,17.1280620
Via A. Cefaly,39.0630706,17.1100893
Via Achille,39.0239495,17.1735336
Via Achille Grandi,39.0854038,17.1137812
Via Ada Negri,39.0610678,17.1154837
Via Adda,39.0817506,17.0412856
Via Adige,39.0905692,17.0529500
Via Africa,39.0718276,17.0272312
Via Agea,39.0107750,17.1718852
Via Alaska,39.0499474,17.1128007
Via Albania,39.0446355,17.1156666
Via Alberto Moravia,39.0718267,17.1049678
Via Aldo Capitini,39.0647008,17.1052965
Via Alessandro Manzoni,39.0813160,17.1193824
Via Alfonso Gualtieri,39.0808907,17.1347246
Via Amedeo Avogrado,39.1040139,17.0949138
Via America,39.0716072,17.0262230
Via Amo,39.0866793,17.0526284
Via Angelina Mauro,39.0786816,17.1062775
Via Anna Magnani,39.0711431,17.0289583
Via Antiche Masserie,39.0804058,17.0941300
Via Antinedonte,39.0110478,17.1725064
Via Antoneone,39.0120957,17.1721987
Via Antonino Caponnetto,39.0741759,17.1271946
Via Antonio Daniele,39.0788969,17.1280898
Via Antonio de Curtis,39.0528711,17.1072176
Via Antonio Meucci,39.0738211,17.1019536
Via Antonio Panella,39.0789068,17.1198130
Via Antonio Papaleo,39.0818364,17.1340746
Via Antonio Scopelliti,39.0745913,17.1188069
Via Arabia Saudita,39.0594423,17.1130238
Via Argentina,39.0409681,17.1086754
Via Ariete,39.0686633,17.0239325
Via Armando Diaz,39.0707448,17.0265554
Via Armenia,39.0418838,17.1207717
Via Armida Barelli,39.0607262,17.1160350
Via Arnaldo Mori,39.0724797,17.1288358
Via Arrigo Bolto,39.0833563,17.1228794
Via A. Segni,39.0712193,17.0255664
Via Asia,39.0721408,17.0286756
Via Assisi,39.0802474,17.1247718
Via Astilo,39.0138116,17.1726513
Via Aston,39.0070088,17.1705140
Via Austria,39.0505340,17.1195097
Via A. Volta,39.0708178,17.0273996
Via Azaria Tedeschi,39.0788119,17.1271488
Via Beata Savina,39.1805675,17.0922090
Via Beato Padre Cova,39.1658324,17.0501508
Via Belgio,39.0513225,17.1202833
Via Bellavista,39.0736918,17.0334730
Via Belvedere Spinello,39.0540732,17.0925997
Via Benedetto Croce,39.0744498,17.1147303
Via Bernardino Telesio,39.0810481,17.1129536
Via Biella,39.0672590,17.0246309
Via Birmania,39.0555621,17.1132310
Via Bolivia,39.0405123,17.1078383
Via Bologna,39.0798207,17.1203492
Via Borrelli,39.0718856,17.0313850
Via Botteghelle,39.0876867,17.1116090
Via Brasile,39.0398514,17.1112110
Via Brenta,39.0870914,17.0555016
Via Breslavia,39.0426539,17.1221103
Via Bruno Buozzi,39.0848003,17.1137994
Via Buenos Aires,39.0390383,17.1086100
Via Bulgaria,39.0444977,17.1171203
Via Caccuri,39.0591565,17.0970041
Via Cambogia,39.0515548,17.1159482
Via Canada,39.0494219,17.1123345
Via Capocolonna,39.0377498,17.1584303
Via Carfizzi,39.0554209,17.0858680
Via Carlo Levi,39.0722705,17.0320397
Via Carlo Matteucci,39.1134906,17.0984003
Via Casabona,39.0575361,17.0931991
Via Castelsilano,39.0579388,17.0940458
Via Cavour,39.0804737,17.1299646
Via Cecita,39.0743071,17.0236739
Via C. E. Gadda,39.0763193,17.1042561
Via Cerenzia,39.0699314,17.0951826
Via Cesare Terranova,39.0755392,17.1249354
Via C. Gangale,39.0735069,17.0341916
Via C. Goldoni,39.0734303,17.0339589
Via Cile,39.0426881,17.1076607
Via Cina,39.0552562,17.1155500
Via Cipro,39.0424876,17.1152200
Via Cirò,39.0684165,17.0978406
Via Cirò Marina,39.0531712,17.0789015
Via Claudio Crea,39.0823025,17.1244892
Via Colombia,39.0398653,17.1079419
Via Corea del Sud,39.0525013,17.1134072
Via Corradino Armatruda,39.0685998,17.1302390
Via Corrado Alvaro,39.0739618,17.1286645
Via Corsica,39.0466843,17.1186187
Via Cosenza,39.0695793,17.0979559
Via Costa Rica,39.0491760,17.1158268
Via Costituzione,39.0698597,17.1299470
Via Cotronei,39.0623133,17.0995934
Via C. Pavese,39.0734443,17.0315554
Via Cracovia,39.0422777,17.1216971
Via Crati,39.0738921,17.0241199
Via Crisone,39.0246753,17.1573013
Via Croazia,39.0447116,17.1187284
Via Crucoli,39.0578169,17.0865462
Via Cuba,39.0487330,17.1141248
Via Cutetto,39.0830257,17.1292891
Via Cutro,39.0806729,17.1248554
Via Danimarca,39.0433050,17.1224431
Via Dante Alighieri,39.0819496,17.1182720
Via Davide Lajolo,39.0716104,17.1043197
Via degli Abeti,39.1563367,17.1157516
Via degli Aceri,39.1136374,17.0812585
Via degli Agrifogli,39.1478574,17.0718407
Via degli Albanesi,39.0749618,17.1118412
Via degli Allori,39.1751707,17.0873953
Via degli Angioini,39.0770330,17.1112463
Via degli Arabi,39.0763559,17.1107079
Via degli Aragonesi,39.0763884,17.1103184
Via degli Aranci,39.1909230,17.1139281
Via degli Arbusti,39.1140195,17.0821221
Via degli Ausoni,39.0782111,17.1085701
Via degli Enotri,39.0790962,17.1106936
Via degli Eucaliptus,39.1297752,17.0962512
Via degli Itali,39.0783101,17.1094207
Via degli Oleandri,39.1112626,17.0775807
Via degli Olmi,39.1725721,17.1001140
Via degli Orti,39.1247288,17.0780801
Via degli Spagnoli,39.0751325,17.1111643
Via degli Svevi,39.0777508,17.1103508
Via degli Ulivi,39.1342994,17.0413184
Via dei Bergamotti,39.1883291,17.1196966
Via dei Bizantini,39.0763260,17.1100384
Via dei Bruzi,39.0784327,17.1117752
Via dei Cappuccini,39.0823905,17.1233662
Via dei Caprifogli,39.1416239,17.1077211
Via dei Carpini,39.1103330,17.0678833
Via dei Delfini,39.1481247,17.1129564
Via dei Faggi,39.1112546,17.0764578
Via dei Fagiani,39.1677258,17.0579680
Via dei Fichi d'India,39.1346850,17.0464309
Via dei Fiordalisi,39.1360818,17.1100459
Via dei Frassini,39.1143661,17.0832382
Via dei Garofani,39.1733441,17.0970129
Via dei Gelsi,39.1123387,17.0805874
Via dei Gelsomini,39.1346073,17.1003106
Via dei Gerani,39.1317623,17.0699996
Via dei Gigli,39.1581495,17.0965756
Via dei Glicini,39.1372900,17.1054743
Via dei Goti,39.0782181,17.1111548
Via dei Granai,39.0795025,17.1002555
Via dei Greci,39.0789131,17.1104513
Via dei Lapigi,39.0782998,17.1095149
Via dei Lillà,39.1545419,17.1029841
Via dei Limoni,39.1897010,17.1177483
Via dei Melograni,39.1335553,17.0843023
Via dei Mille,39.0781543,17.1228921
Via dei Mughetti,39.1383419,17.1007253
Via dei Narcisi,39.2006705,17.1151777
Via dei Normanni,39.0779064,17.1106201
Via dei Papaveri,39.1744454,17.0803552
Via dei Pelagi,39.0779900,17.1086866
Via dei Pini,39.1287892,17.0729690
Via dei Pioppi,39.1715177,17.0759974
Via dei Platani,39.1911639,17.1049523
Via dei Pompelmi,39.1131058,17.0864730
Via dei Romani,39.0795126,17.1127678
Via dei Salici,39.1409467,17.0884628
Via dei Sugheri,39.1884308,17.1061639
Via dei Tassi,39.1927971,17.1070733
Via dei Tigli,39.1368536,17.0921894
Via dei Tulipani,39.1443999,17.0935040
Via dei Turchi,39.0757443,17.1107036
Via del Ciliegio,39.1696865,17.0536743
Via del Gesù,39.0837162,17.1211114
Via dell'Agrumeto,39.1444613,17.0559743
Via della Maggiorana,39.1521644,17.1024681
Via della Menta,39.1224574,17.0921655
Via della Resistenza,39.0764169,17.1250381
Via della Ruta,39.1684816,17.0547349
Via della Salvia,39.1311099,17.1059566
Via della Vigna,39.1307092,17.0533725
Via della Vite,39.1124856,17.0813392
Via delle Acacee,39.1605997,17.0417748
Via delle Altee,39.1838775,17.1053135
Via delle Amelie,39.1713446,17.0705763
Via delle Azalee,39.1529807,17.0993817
Via delle Begonie,39.1381936,17.1019537
Via delle Betulle,39.1744268,17.1003896
Via delle Bocche di Leone,39.1948324,17.1114951
Via delle Camelie,39.1718542,17.0858493
Via delle Campanule,39.1834075,17.1069357
Via delle Conchiglie,39.1162657,17.1075762
Via delle Dalie,39.1352867,17.0815044
Via dell'Edera,39.1314834,17.0665501
Via delle Gardenie,39.1591995,17.1036448
Via delle Genziane,39.1440907,17.0977485
Via delle Ginestre,39.0690394,17.0247289
Via delle Giuggiole,39.1492877,17.0446565
Via delle Lavande,39.1741526,17.0841872
Via delle Magnolie,39.1401080,17.0924184
Via delle Mandorle,39.1486750,17.0462551
Via delle Margherite,39.1400998,17.0921658
Via delle Mimose,39.1367669,17.0592436
Via delle Orchidee,39.1430718,17.1044109
Via delle Ortensie,39.1450937,17.0480271
Via delle Petunie,39.1734290,17.0985268
Via delle Primule,39.1941931,17.1122733
Via delle Rose,39.1629910,17.1031157
Via delle Sequoie,39.1806509,17.1047466
Via delle Spighe,39.1365544,17.1001168
Via delle Stelle Alpine,39.1946901,17.1063794
Via del Mirto,39.1877625,17.1172871
Via del Rosmarino,39.1240784,17.0801103
Via del Timo,39.1201656,17.0925924
Via Diamante,39.0087884,17.1268349
Via Diana,39.0718390,17.0244633
Via Diogneto,39.0124170,17.1269065
Via Domenico Cimarosa,39.0657473,17.1126116
Via Donato Assisi,39.0829304,17.1236570
Via Don Giuseppe Puglisi,39.0631784,17.1059160
Via Don Minzoni,39.0687267,17.1293179
Via Don Ottorino Zanon,39.0772270,17.1061980
Via Dora Baltea,39.0878168,17.0550069
Via Ducarne,39.0826476,17.1300012
Via Ecuador,39.0431397,17.1127264
Via E. de Martino,39.0757319,17.1049758
Via E. De Nicola,39.0715295,17.0250921
Via Eduardo De Filippo,39.0808366,17.1162267
Via Elio Vittorini,39.0824877,17.1135225
Via El Salvador,39.0476735,17.1120862
Via Elsa Morante,39.0619421,17.1175763
Via Elvidio Borelli,39.0791549,17.1249982
Via Emanuele Curiel,39.0863587,17.1140877
Via Emanuele di Bartolo,39.0734533,17.1283852
Via Emilio Buccarelli,39.0814006,17.1340847
Via E. Montale,39.0737917,17.0322897
Via Enrico Fermi,39.1073405,17.0931691
Via Enrico Mastracchi,39.0738962,17.1089648
Via Enrico Mattei,39.1149537,17.0997700
Via Enzo Ferrari,39.1217383,17.0973424
Via Eracle,39.0231091,17.1870477
Via Eratostene,39.0256978,17.1521523
Via Ercole Scalfaro,39.0785457,17.1265582
Via Esterna Firenze,39.0797130,17.1236799
Via Esterna Marinella,39.0841225,17.1226140
Via Esterna Spiaggia delle Forche,39.0836375,17.1240631
Via F.A. Lucifero,39.0830639,17.1298023
Via Fausto Coppi,39.0717719,17.0326240
Via Fausto Gullo,39.0735811,17.1109430
Via F. De Roberto,39.0813769,17.1161039
Via Federico Fellini,39.0427400,17.0819298
Via Felice Materna,39.0815815,17.1343489
Via Fibonacci,39.0835395,17.1111990
Via Filippine,39.0552743,17.1131203
Via Filippo,39.0086494,17.1659130
Via Filippo Corridoni,39.1070640,17.1017255
Via Finlandia,39.0414996,17.1223914
Via Firenze,39.0786743,17.1251971
Via Fiume Esaro,39.0709080,17.0955667
Via Fragalà,39.0784826,17.1078021
Via Francesco Bellusci,39.0817777,17.1266939
Via Francesco Cilea,39.0660313,17.1111714
Via Francesco Fiorentino,39.0812184,17.1119531
Via Francesco Le Rose,39.0817581,17.1335500
Via Francesco Mancuso,39.1181155,17.0980652
Via Francesco Nigro,39.0789739,17.1080160
Via Francesco Russo,39.0820429,17.1337238
Via Francesco Sculco,39.0796992,17.1277065
Via Francia,39.0721111,17.0258898
Via Gabriele Corigliano,39.0688303,17.1296587
Via Gaele Covelli,39.0830642,17.1273606
Via Gaetano Morelli,39.0718602,17.1150926
Via Gaetano Salvemini,39.0732695,17.1045644
Via Galles,39.0568507,17.1193934
Via Garibaldi,39.0812860,17.1307070
Via G. Benassai,39.0622854,17.1100589
Via G. Cardarelli,39.0735328,17.0337216
Via Generale Tellini,39.0787538,17.1300732
Via Georgia,39.0422503,17.1202147
Via Germania,39.0522571,17.1181371
Via G. Filangieri,39.0735375,17.1142342
Via G. Galilei,39.0714356,17.0281730
Via G. Giusti,39.0724390,17.0322080
Via G. Gronchi,39.0712447,17.0258080
Via Giacomo Debenedetti,39.0720175,17.1053658
Via Giacomo Manna,39.0783939,17.1216662
Via Giacomo Matteotti,39.0759711,17.1233608
Via Giamaica,39.0483529,17.1145529
Via Giappone,39.0510896,17.1153605
Via Gibilterra,39.0597406,17.1176117
Via Gioacchino da Fiore,39.0692683,17.1134496
Via Giordania,39.0598394,17.1127993
Via Giorgio La Pira,39.0838904,17.1181794
Via Giosuè Carducci,39.0719552,17.0308191
Via Giotto,39.0706968,17.0250012
Via Giovanni Falcone,39.0750624,17.1182021
Via Giovanni Gentile,39.0747561,17.1147433
Via Giovanni Paisiello,39.0656118,17.1105891
Via Giovanni Palatucci,39.0722443,17.1290118
Via Giovanni Paolo II,39.0802517,17.1164560
Via Giovanni Scalise,39.0836650,17.1248642
Via Giovanni Verga,39.0811134,17.1168363
Via Giovanni XXIII,39.0683331,17.0237127
Via Giovanni Zito,39.0783875,17.1068678
Via Giulio Natta,39.1165537,17.0990506
Via Giuseppe Cosentino,39.0773438,17.1244563
Via Giuseppe Di Vittorio,39.0819786,17.1141105
Via Giuseppe Laterza,39.0860577,17.1020220
Via Giuseppe Mercalli,39.1192110,17.1003525
Via Giuseppe Panini,39.0810693,17.1194012
Via Giuseppe Suriano,39.0826014,17.1287844
Via GIustino Fortunato,39.0749859,17.1296908
Via G. Klepero,39.0710095,17.0268584
Via Glauchia,39.0228095,17.1436725
Via G. Leopardi,39.0720718,17.0325833
Via Gorizia,39.0772446,17.1276280
Via G. Pergolesi,39.0653793,17.1093393
Via G. Puccini,39.0727208,17.0306608
Via Grazia Deledda,39.0817812,17.1134114
Via Grecia,39.0443932,17.1159593
Via Groenlandia,39.0549412,17.1188413
Via G. Rossini,39.0725040,17.0300488
Via G. Saragat,39.0709894,17.0244070
Via Guglielmo Marconi,39.0733200,17.0326479
Via Guido Donegani,39.1106693,17.0916582
Via Gulio Natta,39.1190067,17.1026319
Via G. Ungaretti,39.0736503,17.0329299
Via G. Vico,39.0735906,17.1148748
Via Haiti,39.0478463,17.1141019
Via Hera Lacinia,39.0251698,17.1867433
Via Honduras,39.0476428,17.1125186
Via I° Maggio,39.0782813,17.1193510
Via Icco,39.0173593,17.1748204
Via Ignazio Silone,39.0813182,17.1148665
Via II Interno Messina,39.0804390,17.1332958
Via I Interno Messina,39.0803312,17.1334930
Via India,39.0574185,17.1149802
Via Indonesia,39.0519080,17.1149698
Via Inghilterra,39.0556196,17.1216070
Via I. Nievo,39.0730510,17.0327487
Via Interna Marina,39.0773207,17.1312579
Via Interna Marinella,39.0830865,17.1239261
Via Interna San Leonardo,39.0790281,17.1312117
Via Ipazia,39.0655627,17.1135727
Via Iran,39.0593296,17.1137220
Via Irlanda,39.0572807,17.1187869
Via Islanda,39.0563038,17.1201097
Via Isola Capo Rizzuto,39.0580456,17.0446834
Via Isomaco,39.0151759,17.1750238
Via Isonzo,39.0767041,17.1272387
Via Israele,39.0596074,17.1124220
Via Italia,39.0723175,17.0284931
Via Itanco,39.0122916,17.1724084
Via IV Novembre,39.0775114,17.1189860
Via Krimisia,39.0514544,17.1380856
Via Lacinio,39.0283787,17.1804063
Via Laos,39.0553582,17.1132490
Viale Antonio Gramsci,39.0752007,17.1300024
Viale Calabria,39.0655323,17.0158696
Via Lecco,39.0714224,17.0244653
Viale Cristoforo Colombo,39.0810888,17.1349165
Viale Cristoforo Colombo (ZTL),39.0780716,17.1328094
Viale Ghandi,39.0637585,17.1039887
Viale Giacomo Matteotti,39.0760548,17.1254079
Via L. Einaudi,39.0708652,17.0246250
Viale Leonardo Gallucci,39.0669646,17.1306229
Viale Magna Grecia,39.0644771,17.1316508
Via Leonardo da Vinci,39.1041673,17.1062636
Via Leonardo Sciascia,39.0768150,17.1048403
Via Leonida Repaci,39.0759740,17.1053999
Viale Regina Margherita,39.0832111,17.1299280
Viale Stazione,39.0842282,17.1096229
Via Lettonia,39.0460387,17.1176360
Via Leyland,39.1115939,17.0781105
Via Libano,39.0595269,17.1125748
Via Libertà,39.0749499,17.1256908
Via Lichino,39.0263116,17.1555141
Via Lina Merlin,39.0607438,17.1163801
Via Lituania,39.0387145,17.1227888
Via Louis Braille,39.0815621,17.1255010
Via Luigi Pantusa,39.0792730,17.1263008
Via Luigi Pirandello,39.0822291,17.1145293
Via Luigi Settino,39.0791522,17.1268071
Via L. Visconti,39.0722315,17.0307095
Via Macedonia,39.0457896,17.1180029
Via Macello,39.0831966,17.1203489
Via Madonna delle Scale,39.1658244,17.0500799
Via Madre Teresa di Calcutta,39.0420730,17.1152287
Via Makalla,39.0528686,17.1374373
Via Maldive,39.0562542,17.1144666
Via Malesia,39.0533009,17.1133786
Via Malta,39.0538839,17.1178422
Via Marcello Mastroianni,39.0471594,17.0927184
Via Marciana,39.0637384,17.1157211
Via Marinella,39.0824569,17.1251804
Via Mario Nicoletta,39.0827642,17.1167570
Via Martin Luther King,39.0647392,17.1046977
Via Massimo Troisi,39.0477908,17.0937665
Via Matilde Serao,39.0613312,17.1176928
Via Mediterraneo,39.0717750,17.1270175
Via Melissa,39.0579224,17.0877674
Via Menandro,39.0825014,17.1295719
Via Mercurio,39.0723565,17.0248132
Via Mesoraca,39.0580596,17.0948066
Via Messico,39.0485339,17.1122934
Via Metapontum,39.0619224,17.1322064
Via Michele Di Donato,39.0248984,17.2004002
Via Milone,39.0816872,17.1302053
Via Miscello da Ripe,39.0830532,17.1310406
Via Molo Foraneo,39.0842919,17.1358843
Via Molo Porto Nuovo,39.0815727,17.1349759
Via Molo Porto Vecchio,39.0809644,17.1358046
Via Molo Sanità,39.0802561,17.1354894
Via Monsignor Antonio Bello,39.0837391,17.1233736
Via Montenegro,39.0515018,17.1180767
Via M. Preti,39.0613942,17.1103738
Via Napoli,39.0804351,17.1259043
Via Naxos,39.0507544,17.1385430
Via Nazioni Unite,39.0418089,17.1134134
Via N. Copernico,39.0701100,17.0261886
Via Nepal,39.0547158,17.1162567
Via Neto,39.0738921,17.0240164
Via Nicola Calipari,39.0710263,17.1275380
Via Nicola Lapiccola,39.0635431,17.1098937
Via Norvegia,39.0549914,17.1210479
Via Nosside,39.0656894,17.1148753
Via Nuova Poggioreale,39.0788678,17.1289679
Via Oceania,39.0721430,17.0272990
Via Olanda,39.0518411,17.1195552
Via Olimpia,39.0168321,17.1362604
Via Oman,39.0596886,17.1120694
Via Osservanza,39.0769226,17.1303235
Via Pakistan,39.0573068,17.1149316
Via Pallagorio,39.0548858,17.0747648
Via Paolo Borsellino,39.0738635,17.1144762
Via Paolo VI,39.0583790,17.1129185
Via Papua,39.0519863,17.1149291
Via Partenope,39.0573050,17.1314463
Via Pasquale Gallupi,39.0809704,17.1129573
Via Pasquale Tassone,39.0697763,17.1297857
Via Pasquale Zito,39.0729514,17.1274528
Via Pastificio,39.0848613,17.1202065
Via Peppino Impastato,39.0703460,17.1173840
Via per Capo Colonna,39.0290410,17.1684647
Via Percorso Natura,39.1993290,17.1115294
Via Percorso Sole,39.1703469,17.0909477
Via Pescheria,39.0832937,17.1281749
Via Petilia Policastro,39.0559722,17.0829485
Via P. Germi,39.0724238,17.0309269
Via Piave,39.0741694,17.0244355
Via Pierpaolo Pasolini,39.0716324,17.1075331
Via Pietà,39.0709313,17.0260108
Via Pietro Raimondi,39.0813999,17.1278539
Via Pignanelli,39.0717167,17.0289873
Via Pignataro,39.0811986,17.1240750
Via Pio La Torre,39.0742690,17.1210130
Via Pironte,39.0720110,17.0255806
Via Pitagora,39.0811587,17.1293015
Via Pizzicagnoli,39.0810290,17.1290360
Via Plauto,39.0154092,17.1162923
Via Po,39.0884501,17.0723983
Via Polonia,39.0422616,17.1231627
Via Portogallo,39.0601536,17.1168796
Via Porto Rico,39.0462352,17.1154958
Via Poseidonia,39.0576256,17.1334951
Via Prato,39.0720088,17.0244007
Via Principato di Monaco,39.0593211,17.1150188
Via R. Agazzi,39.0725241,17.0326521
Via Reggio,39.0782123,17.1302291
Via Renato Geremicca,39.0815705,17.1340206
Via Renato Guttuso,39.0611392,17.1122821
Via Repubblica Ceca,39.0407306,17.1225883
Via Repubblica Domenicana,39.0457510,17.1153305
Via Repubblica Slovacca,39.0412428,17.1225928
Via Rimini,39.0680943,17.0235115
Via Risorgimento,39.0809340,17.1305367
Via R. Lanzino,39.0745929,17.1191259
Via R. Livatino,39.0742764,17.1188378
Via Roberto Rossellini,39.0518818,17.1016234
Via Roccabernarda,39.0690273,17.0969382
Via Rocca di Neto,39.0580465,17.0937235
Via Roma,39.0794167,17.1251498
Via Romania,39.0440417,17.1175285
Via Rosario Liperoti,39.0812669,17.1345551
Via Ruffo,39.0819932,17.1257979
Via Ruggiero Leoncavallo,39.0632078,17.1117760
Via Ruicella,39.0806334,17.1283382
Via Russia,39.0416143,17.1192234
Via Saffo,39.0651029,17.1150519
Via San Benedetto da Norcia,39.0475720,17.1149635
Via Sandro Pertini,39.0712121,17.0244519
Via San Francesco,39.0769105,17.1229061
Via San Giovanni della Croce,39.0425306,17.1111385
Via San Giuseppe,39.1770152,17.1037415
Via San Isidoro,39.1665474,17.0503041
Via San Luca,39.0553800,17.0857069
Via San Marino,39.0583124,17.1160123
Via San Mauro Marchesato,39.0519182,17.0839866
Via San Nicola,39.0722131,17.0295206
Via San Nicola del'Alto,39.0519784,17.0829866
Via San Pantaleone,39.0717840,17.0283480
Via San Rocco,39.0716044,17.0297221
Via Santa Caterina da Siena,39.0474539,17.1177628
Via Santa Croce,39.0769741,17.1281841
Via Santa Lucia,39.0582178,17.0887782
Via Sant'Andrea dell'Apostolo,39.0388884,17.1092953
Via Sant'Antonio,39.0822871,17.1219172
Via Santa Severina,39.0524159,17.0841536
Via Savelli,39.0583620,17.0904502
Via Scandale,39.0529124,17.0843275
Via Scarlatti,39.0618697,17.1114967
Via Scozia,39.0563403,17.1194677
Via Sergio Leone,39.0483106,17.0940979
Via Sergio Rameli,39.0796656,17.1245108
Via Setteporte,39.1686957,17.0720397
Via Sibaris,39.0548256,17.1354212
Via Sibilla Aleramo,39.0615042,17.1159158
Via Silvio Carpino,39.0805232,17.1208077
Via Silvio Messinetti,39.0808816,17.1277332
Via Silvio Misciascio,39.0793955,17.1276393
Via Silvio Paternostro,39.0783315,17.1282369
Via Siria,39.0597544,17.1132473
Via Sirio,39.0684719,17.0252063
Via Siris,39.0624143,17.1312103
Via Slovenia,39.0454412,17.1195691
Via Spagna,39.0721825,17.0250071
Via Spiaggia delle Forche,39.0826902,17.1254415
Via Stati Uniti,39.0496845,17.1140287
Via Stefano d'Arrigo,39.0758867,17.1046038
Via Strongoli,39.0564579,17.0862282
Via Svezia,39.0541325,17.1242994
Via Svizzera,39.0524401,17.1195698
Via Tanaro,39.0831553,17.0534275
Via Taras,39.0601799,17.1328286
Via Teano,39.0637363,17.1135946
Via Teanore,39.0120443,17.1208900
Via Terina,39.0546605,17.1364963
Via Tevere,39.0872788,17.0585146
Via Thailandia,39.0538432,17.1135224
Via Ticino,39.0893865,17.0589906
Via Timasiteo,39.0178593,17.1076857
Via Tirso,39.0882737,17.0521872
Via Tisicrate,39.0217755,17.1050464
Via Tito Minniti,39.0775287,17.1265141
Via Tommaso Campanella,39.0804758,17.1116843
Via Tommaso da Lampedusa,39.0806107,17.1150601
Via Torino,39.0780941,17.1206223
Via Turchia,39.0600157,17.1139620
Via Ucraina,39.0396884,17.1237345
Via Ugo Foscolo,39.0813857,17.1183231
Via Umberto Boccioni,39.0613063,17.1107146
Via Umbriatico,39.0535778,17.0795148
Via Unione Europea,39.0602353,17.1187005
Via U. Saba,39.0721592,17.0326382
Via Varsavia,39.0421645,17.1212382
Via Vecchia Carrara,39.0775466,17.1223807
Via Venere,39.0725431,17.0244392
Via Venezia,39.0802530,17.1251688
Via Verbania,39.0708924,17.0253491
Via Verzino,39.0595062,17.0891538
Via Vibo Valentia,39.0715912,17.0243829
Via Villa Sala,39.1735439,17.0795789
Via Vincenzo Bellini,39.0622264,17.1121629
Via Vincenzo Cuoco,39.0746761,17.1135933
Via Vincenzo Padula,39.0682843,17.0251910
Via Visconte Frontera,39.0787957,17.1253375
Via Vittorio De Sica,39.0716612,17.0286013
Via Vittorio Gassman,39.0354802,17.0852525
Via Vittorio Veneto,39.0790836,17.1241821
"Via Vittorio Veneto ""Il Corso""",39.0800396,17.1260592
Via Volturno,39.0956405,17.0542979
Via W. A. Mozart,39.0617970,17.1109782
Via XXV Aprile,39.0814716,17.1190998
Via Yemen,39.0594799,17.1120291
Vico Ameno,39.0834124,17.1286705
Vico Appia,39.0832860,17.1280686
Vico Arcuita,39.0806889,17.1286695
Vico Bagno,39.0800368,17.1339059
Vico Calojro,39.0828545,17.1286788
Vico Cammariere,39.0806794,17.1287848
Vico Candela,39.0832072,17.1275889
Vico Carvelli,39.0830185,17.1284540
Vico Democide,39.0830712,17.1286037
Vico Enea,39.0833284,17.1281330
Vico Filanda,39.0834604,17.1210246
Vico Fonte,39.0831857,17.1276970
Vico Francesco Scarfò,39.0708711,17.1299428
Vico Gallucci,39.0799952,17.1300871
Vico Giunti,39.0835353,17.1290314
Vico G. Pelusio,39.0801805,17.1296969
vico la camera,39.0801807,17.1303958
Vico Laino,39.0829921,17.1281373
Vico Lopez,39.0820869,17.1291266
Vico Micellotta,39.0823993,17.1284424
Vico Montalcino,39.0824261,17.1302405
Vico Municipio,39.0808433,17.1287107
Vico Nettuno,39.0832860,17.1284115
Vico Orfanotrofio,39.0818524,17.1281477
Vico Orfeo,39.0832444,17.1278678
Vico Pompei,39.0797298,17.1336841
Vico Sant'Antonio,39.0822529,17.1230147
Vico Zurlo,39.0826159,17.1291538
Piazza Aldo Barbaro,39.1340104,16.8696289
Piazza Cucco,39.1344066,16.8707720
Piazza Trieste,39.1356899,16.8730246
Via 25 Aprile,39.1348807,16.8673042
Via Alessandro Manzoni,39.1350118,16.8701445
Via Antonia Guarasci,39.1330566,16.8680945
Via Canaletta,39.1386546,16.8710538
Via Catanzaro,39.1291425,16.8543039
Via Città di Fossano,39.1347887,16.8671740
Via del Convento,39.1293699,16.8687048
Via della Foresta,39.1405509,16.8728267
Via della Resistenza,39.1344062,16.8711230
Via del Lavoro,39.1365105,16.8680690
Via dello Stadio,39.1316049,16.8650677
Via Enrico Berlinguer,39.1311146,16.8540293
Via Eroi di Cefalonia,39.1346752,16.8671765
Via Fiere di Mulerà,39.1344670,16.8522043
Via Fischia,39.1339110,16.8685769
Via Fiume Tacina,39.1315570,16.8590090
Via Fratelli Bandiera,39.1321370,16.8600296
Via Giardini,39.1325110,16.8538718
Via Gulla,39.1345430,16.8773218
Via Indipendenza,39.1344411,16.8678513
Via Italia,39.1342538,16.8715972
Viale Aldo Moro,39.1319467,16.8563526
Viale dei Bizantini,39.1445475,16.8811196
Via Leonardo da Vinci,39.1351529,16.8673791
Viale Trieste,39.1343970,16.8710464
Via Marinara,39.1236097,16.8564420
Via Monte Grappa,39.1372932,16.8756303
Via Napoli,39.1362716,16.8735725
Via Papa Pio XII,39.1406139,16.8776192
Via Pasquale Galluppi,39.1331593,16.8504527
Via Piave,39.1327310,16.8623509
Via Pitagora,39.1320311,16.8611081
Via Purgatorio,39.1333023,16.8711310
Via Roma,39.1348542,16.8706629
Via Sandro Pertini,39.1314226,16.8529581
Via San Francesco,39.1372090,16.8746547
Via Santa Maddalena,39.1367179,16.8745208
Via Valle Nola,39.1329663,16.8634132
Via Vallo,39.1324298,16.8594512
Via Vincenzo Rosa,39.1351992,16.8727589
Via Vittorio Veneto,39.1350233,16.8672419
Via Volta del Ponte,39.1301523,16.8566710
Via XXIV Maggio,39.1331456,16.8690808
Rione Soccorso,39.1086275,16.9279159
Via Calabria,39.1202170,16.9538278
Via Nazionale,39.1232953,16.9605232
1a Traversa Milano,39.1238109,16.9615102
Contrada Cantorato,39.1719025,17.0713290
Contrada Corazzo,39.1683310,17.0285993
Silana Crotonese,39.1751919,17.0221036
Via Aldo Moro,39.1257222,16.9654369
Via Amendola,39.1211149,16.9566140
Via Antonio Gramsci,39.1214590,16.9573366
Via Balvano,39.1212798,16.9623109
Via Bologna,39.1224953,16.9611983
Via Calabria,39.1202170,16.9538278
Via Circonvallazione Bellavista,39.1224600,16.9563681
Via degli Ulivi,39.1342994,17.0413184
Via delle Acacee,39.1605997,17.0417748
Via Enrico Fermi,39.1213793,16.9561255
Via Fratelli Bandiera,39.1221009,16.9584093
Via Galileo Galilei,39.1213927,16.9563230
Via Gallupi,39.1255460,16.9615361
Via Genova,39.1224971,16.9617256
Via Giulio Pastore,39.1224228,16.9561421
Via Giuseppe Di Vittorio,39.1229280,16.9567019
Via Italia,39.1234481,16.9616189
Viale Europa,39.1247113,16.9623877
Via Mazzini,39.1206194,16.9593085
Via Milano,39.1236174,16.9607062
Via Nazionale,39.1232953,16.9605232
Via Pitagora,39.1254301,16.9655002
Via Primo Maggio,39.1255012,16.9644295
Via Puccini,39.1200859,16.9600135
Via Resistenza,39.1214199,16.9573188
Via Talete,39.1252230,16.9623069
Via Torino,39.1222858,16.9610187
Via Ungaretti,39.1262763,16.9629214
Contrada Puzelle,39.1378940,16.9096199
Corso Aristippo,39.1473577,16.9140313
Corso De Risio,39.1481152,16.9156498
Discesa Paolo Orsi,39.1473357,16.9143366
Discesa Pozzoleo,39.1472294,16.9160575
Largo Cancellieri,39.1476467,16.9143011
Largo Diodato Borrelli,39.1491478,16.9147083
Largo Fratelli Puja,39.1485053,16.9161571
Largo Paolo Rizza,39.1479710,16.9146713
Largo Petelia,39.1487550,16.9094944
Largo Santa Maria Maggiore,39.1489627,16.9162261
Località Antonio Maria,39.1472587,16.9237033
Località Armirò,39.1669924,16.8887843
Località Porticelle,39.1384567,16.9075817
Località Posca,39.1519277,16.9082487
Piazza Campo,39.1476747,16.9150704
Piazza della Riforma Agraria,39.1485119,16.9143817
Piazza Gioacchino da Fiore,39.1471521,16.9087698
Piazzetta degli Artigiani,39.1491283,16.9155839
Piazzetta dell'Arco,39.1472323,16.9139857
Piazzetta delle Muse,39.1462609,16.9140315
Piazzetta Marcello Gigante,39.1474677,16.9137964
Ponte Fiume Neto III,39.1876890,16.8925234
Salita Monte Fuscaldo,39.1326014,16.9060142
Silana Crotonese,39.1766180,16.9557786
Via Andrea Cefaly,39.1458857,16.9090325
Via Angelo De Luca,39.1492096,16.9152349
Via Arene Bianche,39.1420430,16.9099836
Via C.A. Dalla Chiesa,39.1466295,16.9120826
Via Checco Manente,39.1420895,16.9091869
Via degli Aragonesi,39.1466099,16.9147236
Via dei Bizantini,39.1483153,16.9151718
Via dei Normanni,39.1472179,16.9144095
Via dei Patti Lateranensi,39.1493888,16.9158325
Via Giordano Bruno,39.1466460,16.9076501
Via Grecìa,39.1488422,16.9169761
Via Krimisa,39.1498689,16.9094797
Via Kroton,39.1498260,16.9094559
Via Libertà,39.1461585,16.9145055
Via Ludovico Del Gallo,39.1519598,16.9090817
via Mattia Preti,39.1457586,16.9099862
Via Metropolia,39.1525635,16.9095344
Via Michele Federici,39.1523366,16.9095229
Via Miserìa,39.1476210,16.9146865
Via Nicolò D'Alfonso,39.1463102,16.9146989
Via Papa Zaccaria,39.1479722,16.9161765
Via Rino Gaetano,39.1424956,16.9097381
Via Roma,39.1478472,16.9144341
Via San Domenico,39.1494781,16.9153163
Via San Francesco di Paola,39.1476672,16.9102367
Via San Nilo da Rossano,39.1474408,16.9110703
Via Santa Croce,39.1459533,16.9141475
Via Sant'Antonio,39.1472165,16.9097941
Via Santo Ponte,39.1469045,16.9156403
Via Siberene,39.1501353,16.9101340
Via Silvio Bernardi,39.1474377,16.9152289
Via Tommaso Campanella,39.1470125,16.9087668
Via XXI Aprile,39.1489170,16.9154767
Via XXIV Maggio,39.1461053,16.9142917
Vico San Martino,39.1486148,16.9146848
Corso Giove,39.1125007,16.7870915
Ferrovia Crotone-Petilia Policastro,39.1065022,16.7959516
Località Dietro Manche,39.1195887,16.7763241
Piazza Filottete,39.1112429,16.7910522
Rione Vigna della Corte,39.1125471,16.7856149
Sentiero del Calvario,39.1067274,16.7699085
SS 109,39.0922176,16.8026025
Traversa III Mattia Preti,39.0990800,16.8056520
Traversa I Mattia Preti,39.0989059,16.8056762
Traversa IV Giuseppe Garibaldi,39.0990814,16.8050050
Traversa IV Mattia Preti,39.0994390,16.8056070
Traversa V Mattia Preti,39.0996343,16.8055863
Via 13 Aprile 1947,39.1128533,16.7799310
Via Aldo Moro,39.1141718,16.7887520
Via Alessandro Manzoni,39.1001709,16.8106497
Via Anita,39.1013380,16.8137926
Via Antonio Gramsci,39.0985536,16.8031598
Via Arringa,39.1125935,16.7906806
Via Avvocato Nicola Cervino,39.1169547,16.7826655
Via Canalette,39.1141675,16.7808911
Via Cantieri del Legno,39.0987469,16.8074280
Via Carafa,39.0996832,16.8101201
Via Casamicciola,39.1129826,16.7845866
Via Castagnino,39.1115386,16.7727414
Via Cavalieri di San Niccolò,39.1134697,16.7836278
Via Chiatri,39.1133989,16.7823772
Via Cimitero,39.1172147,16.7801812
Via C. Sant'anna,39.1116511,16.7778023
Via Dante Alighieri,39.1131720,16.7887061
Via degli Enotri,39.0991494,16.8093594
Via degli Uliveti,39.0998659,16.8122101
Via dei Carrettieri,39.0998350,16.8130832
Via dei Fabbri,39.0999771,16.8126746
Via dei Mille,39.1027445,16.8175570
Via dei Tessali,39.0993965,16.8102529
Via del Feudo,39.1020106,16.8225445
Via della Deconvilla,39.1001203,16.8133180
Via della Teleferica,39.1023971,16.8185540
Via delle 4 Porte,39.0981041,16.8198934
Via delle Arti,39.0995779,16.8132562
Via delle Zagare,39.0981608,16.8236336
Via Enrico Berlinguer,39.1144224,16.7834770
Via Eugenio Ierardi,39.1152201,16.7822503
Via Filandra dei Normanni,39.1109886,16.7748092
Via Giacomo Matteotti,39.0977686,16.8039820
Via Giorgio Amendola,39.1129988,16.7762145
Via Giovanbattista Filo Marino,39.1190456,16.7796182
Via Giovanni Battista Rose,39.0974539,16.8208045
Via Giure Consulti,39.1137733,16.7828711
Via Giuseppe M. Antonio Caruso,39.1123479,16.7745613
Via Giuseppe Verdi,39.1000492,16.8073864
Via Ingegnere Menarini,39.1004722,16.8135258
Via Kroton,39.0992180,16.8097066
Via Luigi Giordano,39.0975328,16.8089534
Via Luigi Sturzo,39.1149986,16.7785875
Via Macaone,39.0992505,16.8103375
Via Magna Grecia,39.1135415,16.7733098
Via Manche,39.1134838,16.7840178
Via Mattia Preti,39.0993538,16.8062865
Via Melibea,39.0995730,16.8107568
Via Mercato,39.1123373,16.7918406
Via Nazionale,39.0990908,16.8148580
Via Nino Bixio,39.1020740,16.8161575
Via Padre A. Mannarino,39.1131743,16.7778322
Via Paternise,39.1115667,16.7772590
Via Peante,39.0990837,16.8104108
Via Pietro Nenni,39.1133899,16.7847219
Via Risorgimento,39.1113406,16.7900769
Via San Cosimo Papa,39.0995113,16.8099906
Via Sant'Antonio,39.1162028,16.7818010
Via San Teodoro,39.1152656,16.7715242
Via Scesa Inferno,39.1126433,16.7874469
Via Tommaso Campanella,39.0961269,16.8177146
Via Vigna delle Corti,39.1129299,16.7857289
Via Walter Tobagi,39.1109965,16.7697515
Contrada Mola,39.1509620,16.7721392
Corso Garibaldi,39.1600081,16.7790220
II Traversa Via Primo Maggio,39.1632965,16.7747439
I Traversa Via Primo Maggio,39.1629254,16.7750536
Largo Matteotti,39.1624525,16.7743526
Largo Stadio,39.1623304,16.7757781
Piazza Municipio,39.1593541,16.7807647
Piazza San Giuseppe,39.1601134,16.7823645
Salita Stadio,39.1605467,16.7756213
Via 25 Aprile,39.1590623,16.7844580
Via Amedeo,39.1594298,16.7744963
Via Antonio Gramsci,39.1614543,16.7750675
Via Bologna,39.1603638,16.7815941
Via Catoso,39.1563817,16.7795653
Via Cavour,39.1576029,16.7828116
Via Circumvallazione,39.1565501,16.7776239
Via Fiume Lao,39.1919178,16.6936105
Via Fragalà,39.1629636,16.7737459
Via Galluppi,39.1573652,16.7829133
Via Giovanni Verga,39.1578737,16.7798041
Via Giuseppe Di Vittorio,39.1617451,16.7740181
Via Laghi Silani,39.1538180,16.7713261
Viale del Mulino,39.1593472,16.7817931
Via Marconi,39.1578624,16.7806142
Via Mindrillo,39.1575540,16.7691372
Via Monte Curcio,39.1893590,16.6974153
Via Primo Maggio,39.1627579,16.7747509
Via San Giuseppe,39.1599032,16.7822343
Via Santa Venere,39.1571277,16.7858882
Via Sante Covelli,39.1628175,16.7756844
Via Spirito Santo,39.1563302,16.7797561
Via Timpagrande,39.1668025,16.7778919
Via Vallone delle Pere,39.1591724,16.7787301
Via Vittorio Emanuele II,39.1594858,16.7835488
Via Vittorio Emanuele III,39.1588711,16.7792768
Vico I Fragalà,39.1621581,16.7742958
Vico II Fragalà,39.1624576,16.7741597
Vico III Fragalà,39.1625586,16.7740672
Vico IV Fragalà,39.1627086,16.7739695
Vico V Fragalà,39.1628075,16.7737957
Vico VI Fragalà,39.1628047,16.7735297
Vico VII Fragalà,39.1631564,16.7736538
Vico VIII Fragalà,39.1633617,16.7737679
Corso Umberto I,39.1914628,17.0004689
largo santo stefano,39.1900543,16.9979810
rione serre,39.1869518,16.9959780
Silana Crotonese,39.1766180,16.9557786
sp 17,39.1896921,16.9990741
via alberto moravia,39.1860006,17.0079780
via anna frank,39.1860315,17.0063694
via antonio mauro,39.1863043,17.0059962
Via Beata Savina,39.1805675,17.0922090
via botte,39.1914480,16.9977779
via dalla chiesa,39.1896134,17.0046388
via enrico berlinguer,39.1798244,17.0143537
via eugenio montale,39.1872666,17.0081951
Via Felice Cavallotti,39.1908042,17.0022358
via fragalò,39.1853085,17.0072347
via giovanna d'arco,39.1855836,17.0072113
via giovanni verga,39.1869629,17.0089518
via giuseppe ungaretti,39.1865787,17.0082584
via kennedy,39.1891792,17.0052006
viale aldo moro,39.1835321,17.0097527
viale della pace,39.1894856,17.0055123
via leonardo da vinci,39.1865090,17.0080289
via libero grassi,39.1901192,17.0042216
via mattarella,39.1897856,17.0045194
via monte grappa,39.1888005,16.9969783
via neruda,39.1888620,17.0054976
via neto,39.1917253,17.0022339
via pablo picasso,39.1890205,17.0053011
via pasubio,39.1892836,16.9982794
Via Percorso Natura,39.1874758,17.0936449
via pio la torre,39.1899493,17.0043679
via regina margherita,39.1917536,17.0027573
Via Regina Margherita,39.1916062,17.0035269
via rialto,39.1897129,16.9982980
via roberta lanzino,39.1864405,17.0064684
via san martino,39.1915849,17.0022627
via trento e trieste,39.1895668,16.9981893
via VIII marzo,39.1861727,17.0071749
via XXV Aprile,39.1915106,17.0056597
Via XXV Aprile III traversa,39.1918770,17.0049614
via XXV Aprile II traversa,39.1920233,17.0047845
via XXV Aprile I traversa,39.1921624,17.0046764
Scannagiudei I,39.2087730,16.7992534
Scannagiudei II,39.2091546,16.7973980
Silana Crotonese,39.2020778,16.8062061
Via America,39.2099930,16.8831870
Corso Garibaldi,39.2147837,16.8896681
Piazza Carlo Alberto Dalla Chiesa,39.2114748,16.8881363
Piazza Madonna dell'Arco,39.2054698,16.8905962
Ponte Fiume Neto III,39.1876890,16.8925234
Silana Crotonese,39.1766180,16.9557786
Via Africa,39.2127749,16.8852065
Via America,39.2099930,16.8831870
Via Ancona,39.2231307,16.8964202
Via Asia,39.2128413,16.8849720
Via Bari,39.2129376,16.8884032
Via Bruno Buozzi,39.2123105,16.8856355
Via Calabria,39.2056645,16.8912350
Via Campania,39.2052756,16.8903958
Via Castello,39.2073270,16.8885262
Via Cimitero Vecchio,39.2132181,16.8822812
Via Conicelle,39.2207784,16.8949033
Via Corrado Alvaro,39.2105240,16.8881298
Via Crotone,39.2204892,16.8935522
Via Europa,39.2128567,16.8847364
Via Giacomo Leopardi,39.2119832,16.8859494
Via Giosuè Carducci,39.2120812,16.8846341
Via Giuseppe Mazzini,39.2117836,16.8858877
Via Guglielmo Marconi,39.2079700,16.8889428
Via Lazio,39.2057349,16.8909044
Viale Antonio Gramsci,39.2138096,16.8888387
Viale Giacomo Matteotti,39.2100823,16.8874216
Viale Giovanni Pascoli,39.2090609,16.8873953
Via Leonardo da Vinci,39.2121834,16.8859974
Via Liguria,39.2060225,16.8904451
Via Madonna dell'Arco,39.2066904,16.8896492
Via Marche,39.2045032,16.8903538
Via Pitagora,39.2109141,16.8873568
Via Provinciale,39.2077362,16.8932066
Via Puglie,39.2057299,16.8947867
Via Roma,39.2161572,16.8888070
Via Romagna,39.2042677,16.8912041
Via San Martino,39.2134881,16.8867639
Via Sant'Elia,39.2132546,16.8884797
Via Sicilia,39.2058050,16.8891351
Via Tommaso Campanella,39.2102243,16.8877008
Via Toscana,39.2048943,16.8912301
Via Umbria,39.2083696,16.8914148
Via Veneto,39.2048578,16.8904129
Contrada Pizzuta,39.2024492,17.0885559
Strada Statale 106 Jonica,39.1979685,17.1089783
Via Stazione,39.2302330,17.1086112
Sentiero ai diapiri salini,39.2615952,16.9030732
Sentiero al Promontorio di Cinga,39.2595640,16.9136713
Sentiero dell'Arco Tufaceo,39.2600611,16.9149921
Via Armando Diaz,39.2616578,16.9196400
Via E. Ferrara,39.2611336,16.9169346
Viale dell'Ordine dei Minimi,39.2510549,16.9410680
Via Mandravecchia,39.2611947,16.9063119
Via Pallagorio,39.2610720,16.9192471
Via San Giovanni,39.2606737,16.9164040
Via San Marco,39.2612976,16.9186201
Silana Crotonese,39.2488762,16.7783693
SP 13,39.3047387,17.0805453
Strada Statale 106 Jonica,39.3063286,17.1078467
Via Fratelli Cervi,39.3081324,17.1070803
Via Gattatico,39.3078517,17.1074127
Via Lungomare,39.3040668,17.1096054
Via Pontino,39.3088527,17.1086236
Via Roma,39.3123519,16.7764449
Via I Maggio,39.3046406,16.9710866
Via Immacolata,39.3087366,16.9734434
Via Roma,39.3070881,16.9746735
Largo Aosta,39.3678118,17.1318424
Lungomare Stefano Pugliese,39.3679717,17.1331344
Piazza Diaz,39.3691962,17.1326297
Piazza Filottete,39.3668236,17.1294551
Piazza Kennedy,39.3664518,17.1302230
SP 2,39.3790088,17.1084156
Strada privata Istituto Agrario,39.3584638,17.1041447
Strada Statale 106 Jonica,39.3665832,17.1139219
Traversa Barracca,39.3670866,17.1313743
Traversa I Aosta,39.3679801,17.1301112
Traversa I Belluno,39.3685593,17.1304252
Traversa I Busento,39.3680858,17.1227526
Traversa I Pepe,39.3676683,17.1311165
Via Abruzzi,39.3694317,17.1215692
Via Agrigento,39.3684344,17.1319107
Via Alcide De Gasperi,39.3686852,17.1312928
Via Aldo Moro,39.3655703,17.1289197
Via Alessandria,39.3691107,17.1318720
Via Alessandro Magno,39.3739484,17.1322622
Via Alfred Nobel,39.3695337,17.1269596
Via Altiero Spinelli,39.3669620,17.1245168
Via Ampollino,39.3684954,17.1180219
Via Ancona,39.3690981,17.1316171
Via Antonio Meucci,39.3693628,17.1265236
Via Aosta,39.3684120,17.1317113
Via Arezzo,39.3690857,17.1313793
Via Ascoli Piceno,39.3683465,17.1312151
Via Asti,39.3690745,17.1311540
Via Astorino,39.3694147,17.1279377
Via Avellino,39.3690996,17.1305167
Via Bachelet,39.3647221,17.1292123
Via Badoglio,39.3703488,17.1286283
Via Bari,39.3691020,17.1302554
Via Barracca,39.3664862,17.1318171
Via Belluno,39.3683757,17.1302142
Via Benevento,39.3690981,17.1300174
Via Bergamo,39.3679815,17.1300631
Via Boccaccio,39.3706306,17.1307251
Via Bologna,39.3690880,17.1295417
Via Bolzano,39.3690931,17.1297896
Via Brescia,39.3678298,17.1295449
Via Brindisi,39.3690984,17.1292995
Via Cagliari,39.3677954,17.1292786
Via Calvario,39.3760748,17.1329649
Via Campobasso,39.3690680,17.1290733
Via Capo Alice,39.3753310,17.1316784
Via Caridi,39.3714786,17.1313405
Via Carlo Pisacane,39.3666492,17.1316613
Via Caserta,39.3691154,17.1286543
Via Casopero,39.3694064,17.1281527
Via Catania,39.3681689,17.1286745
Via Catanzaro,39.3677211,17.1284895
Via Cavour,39.3652876,17.1305341
Via Cesare Battisti,39.3673654,17.1323256
Via Cesare Beccaria,39.3657584,17.1327390
Via Chieti,39.3675467,17.1279987
Via Como,39.3691507,17.1277624
Via Corrado Alvaro,39.3699084,17.1323054
Via Cosenza,39.3675549,17.1276670
Via Cremona,39.3691539,17.1272769
Via Cristoforo Colombo,39.3731777,17.1343226
Via Cronin,39.3721010,17.1206910
Via Crotone,39.3641320,17.1302685
Via Cuneo,39.3675611,17.1274258
Via Dante Alighieri,39.3704070,17.1323138
Via dei Bruzi,39.3589162,17.1300594
Via dei Mille,39.3737548,17.1342032
Via dei musicisti,39.3767383,17.1331368
Via della Libertà,39.3662343,17.1312416
Via della Repubblica,39.3711790,17.1257705
Via della Trinità,39.3752436,17.1225994
Via Don Scarpelli,39.3724849,17.1282651
Via Don Terminelli,39.3655120,17.1304300
Via Enna,39.3675683,17.1271958
Via Enrico Berlinguer,39.3661189,17.1301172
Via Enrico Fermi,39.3689625,17.1261964
Via Eroi del Mare,39.3761372,17.1350898
Via Ferrara,39.3691590,17.1268062
Via Filottete,39.3668147,17.1304688
Via Firenze,39.3665646,17.1271875
Via Foggia,39.3666176,17.1269463
Via Forlì,39.3691634,17.1263332
Via Fratelli Bandiera,39.3647308,17.1322222
Via Fucini,39.3743947,17.1230404
Via Gabriele D'Annunzio,39.3673438,17.1326228
Via Genova,39.3666732,17.1266923
Via Gioacchino Murat,39.3677896,17.1315107
Via Giosuè Carducci,39.3693418,17.1309031
Via Giulio Cesare,39.3770312,17.1222129
Via Giuseppe Garibaldi,39.3731819,17.1330012
Via Goffredo Mameli,39.3660720,17.1317844
Via Gonfalonieri,39.3654854,17.1318777
Via Gorizia,39.3689577,17.1261387
Via Gozzano,39.3744370,17.1235389
Via Gramsci,39.3679964,17.1315492
Via Grazia Deledda,39.3781621,17.1333414
Via Grosseto,39.3689229,17.1258899
Via Il Cairo,39.3725052,17.1274986
Via Imperia,39.3685233,17.1257599
Via Indipendenza,39.3766188,17.1233553
Via Isernia,39.3667705,17.1262848
Via Kennedy,39.3664423,17.1306956
Via Lago Arvo,39.3684935,17.1184848
Via L'Aquila,39.3690632,17.1309214
Via La Spezia,39.3668122,17.1260016
Via Latina,39.3684899,17.1255215
Via La Valletta,39.3710910,17.1264192
Via Lecce,39.3668933,17.1256467
Via Livorno,39.3691283,17.1251467
Via Lucca,39.3669535,17.1253395
Via Luigi Lilio,39.3698840,17.1272651
Via Macerata,39.3672098,17.1235926
Via Magna Grecia,39.3725879,17.1246722
Via Malta,39.3681794,17.1233926
Via Mandorleto,39.3729615,17.1182373
Via Mantova,39.3670121,17.1226010
Via Manzoni,39.3695989,17.1309616
Via Marche,39.3692434,17.1228907
Via Marconi,39.3702877,17.1278254
Via Massa,39.3688717,17.1221720
Via Matteuci,39.3708474,17.1271403
Via Mazzini,39.3706669,17.1294466
Via Menotti,39.3662671,17.1317520
Via Milano,39.3658761,17.1211747
Via Molise,39.3693994,17.1201292
Via Monte Bianco,39.3680217,17.1189642
Via Monte Cervino,39.3683773,17.1189773
Via Monte Everest,39.3713620,17.1195253
Via Napoli,39.3669275,17.1204418
Via Nazario Sauro,39.3652330,17.1326503
Via Nino Bixio,39.3664527,17.1317119
Via Noea,39.3769360,17.1353711
Via Omero,39.3719834,17.1280841
Via Padova,39.3679255,17.1170762
Via Palmiro Togliatti,39.3665039,17.1242886
Via Paterno,39.3693550,17.1329809
Via Pepe,39.3674617,17.1313841
Via Petrarca,39.3700773,17.1315630
Via Piave,39.3660235,17.1265815
Via Piero Maroncelli,39.3658973,17.1318113
Via Pietro Micca,39.3657058,17.1318640
Via Pindaro,39.3759028,17.1327834
Via Pio La Torre,39.3643728,17.1291036
Via Pirainetto,39.3757731,17.1290276
Via Plutino,39.3705284,17.1289562
Via Pola,39.3685471,17.1238044
Via Potenza,39.3678644,17.1209301
Via Principe Amedeo,39.3776625,17.1349756
Via Raffaello Sanzio,39.3686977,17.1182169
Via Regina Elena,39.3701944,17.1312338
Via Re Saba,39.3710510,17.1201289
Via Risorgimento,39.3661062,17.1290382
Via Roma,39.3672485,17.1194821
Via Rotondo,39.3723059,17.1310176
Via San Domenico,39.3768071,17.1227807
Via San Luca,39.3674340,17.1268046
Via San Marco,39.3656302,17.1267705
Via San Matteo,39.3664460,17.1263739
Via Santa Caterina,39.3643165,17.1173245
Via Santa Croce,39.3754143,17.1340516
Via Santa Maria,39.3724388,17.1263017
Via Sant'Anna,39.3673410,17.1246347
Via Sant'Antonio,39.3709958,17.1211544
Via Sele,39.3783721,17.1221845
Via Sicilia,39.3702491,17.1203132
Via Silvio Pellico,39.3668423,17.1316127
Via Sotto Alice,39.3627031,17.1161711
Via Sottopalazzo,39.3654380,17.1202641
Via Stazione,39.3683733,17.1155770
Via Stilo,39.3700085,17.1197806
Via Taverna,39.3650287,17.1138180
Via Tirone,39.3749395,17.1264889
Via Tiziano,39.3749232,17.1327563
Via Torino,39.3667326,17.1280022
Via Torricelli,39.3693581,17.1284001
Via Toscana,39.3698813,17.1203719
Via Umbria,39.3695496,17.1188271
Via Ungheria,39.3706955,17.1205093
Via Venezia,39.3651249,17.1296646
Via Verdi,39.3762844,17.1327045
Via Vincenzo De Paoli,39.3671148,17.1231022
Via Vincenzo Gioberti,39.3652405,17.1319024
Via Vittorio Emanuele,39.3713098,17.1333198
Via Zito,39.3642806,17.1295200
SP 7,39.3728749,17.0159554
Strada Statale 106 Jonica,39.4224539,17.0747439
Via San Francesco di Paola,39.3819886,17.0676006
SP 7,39.3728749,17.0159554
1a traversa Via Pietro Nenni,39.4520603,17.0393533
1a Traversa Via Sybaris,39.4545196,17.0346225
Lungomare F. Kennedy,39.4467303,17.0439803
Parcheggio Piazzetta del Calvario,39.4236180,17.0019479
Piazza Di Bartolo,39.4240568,17.0034811
Piazza Matteotti,39.4513653,17.0397067
Strada Lamanna,39.4241584,17.0026000
Strada Statale 106 Jonica,39.4689715,17.0186522
Traversa Lungomare,39.4513503,17.0399708
Via Alcide De Gasperi,39.4511435,17.0392172
Via dei Mille,39.4481440,17.0414264
Via della Libertà,39.4238620,17.0028299
Via Fratelli Bandiera,39.4484345,17.0413823
Via Gabriele d'Annunzio,39.4478964,17.0414257
Via Giuseppe Garibaldi,39.4241651,17.0051865
Via Giuseppe Verdi,39.4245752,17.0037737
Viale John Fitzgerald Kennedy,39.4556318,17.0388711
Via Marina,39.4494357,17.0415774
Via Pietro Nenni,39.4527770,17.0384880
Via Roma,39.4242328,17.0039275
Via San Pietro,39.4238786,17.0045722
Via Sant'Antonio,39.4260235,17.0048508
Via Sybaris,39.4558636,17.0328077
